k,bic,log_likelihood,modified_objective,n_iter,converged,n_params,elapsed_sec
64,-14764877.475616321,7676691.256455848,7676238.051062177,52,True,53759,456.3991913795471
