k,bic,log_likelihood,modified_objective,n_iter,converged,n_params,elapsed_sec
128,-14882310.127716979,8029665.574702827,8029237.701536159,126,True,107519,2153.8650760650635
